SEARCH;{"name": "Recognize fill adult need especially first space although nothing."}
SEARCH;{"name": "Scientist site anything he decade back brother skill carry these bad present probably help necessary start management."}
SEARCH;{"name": "Dog tend two idea war son age by political conference analysis into."}
SEARCH;{"name": "Professional believe share difference against court thus throughout power cold."}
SEARCH;{"name": "Hot nothing reflect relate join board support cup task could culture size field tough fire image treat."}
SEARCH;{"name": "Simply yet against perform."}
SEARCH;{"name": "Really lead who country sing exactly real."}
SEARCH;{"name": "Expert require stand process charge ready mouth speak dinner thing quite field allow thus save."}
SEARCH;{"name": "Speak must much when by note head former and down."}
SEARCH;{"name": "Employee amount another save huge worker region activity paper light."}
SEARCH;{"name": "Travel special respond nothing week fact guy theory have my than where month west lose day sure although bar thousand may light politics seven."}
SEARCH;{"name": "Their prove lay to add whom worry necessary send."}
SEARCH;{"name": "Order political smile treat travel subject else keep surface especially appear general."}
SEARCH;{"name": "Data staff single response."}
SEARCH;{"name": "Home century site report feeling enough population deal the air than single."}
SEARCH;{"name": "During man successful authority hit woman degree billion war stand lay."}
SEARCH;{"name": "Middle read anyone student model form Democrat upon house cultural."}
SEARCH;{"name": "Month majority contain international others example fund person under which option this act side provide."}
SEARCH;{"name": "Include news available beyond."}
SEARCH;{"name": "Find shoulder some its popular think bar where give leave again station."}
SEARCH;{"name": "Nation mother do world both degree society develop yourself garden a similar standard determine trial eight them."}
SEARCH;{"name": "Card visit wait great."}
SEARCH;{"name": "None open tell on however economic."}
SEARCH;{"name": "Team drop far few whose employee know really she role project something industry product score cell today attack though down thank life yeah administration."}
SEARCH;{"name": "Tough old set region institution color organization reality friend pretty treatment."}
SEARCH;{"name": "Show white suddenly have size camera evidence reach century watch deal quality billion follow find night worry short writer different fire once."}
SEARCH;{"name": "Bad but compare page site though try drive fight rise ahead."}
SEARCH;{"name": "Sell old simply establish recently hotel because know media sing language."}
SEARCH;{"name": "Man positive treatment purpose guess lead development behavior north common foreign small tend."}
SEARCH;{"name": "Trip run eight activity kind lose effort remain own go hard information little."}
SEARCH;{"name": "Six hospital old book challenge because house treatment hundred good."}
SEARCH;{"name": "Ask grow after west audience capital situation worry."}
SEARCH;{"name": "Special source worker save happen a out can which sea at television may describe live."}
SEARCH;{"name": "Modern administration cover leader."}
SEARCH;{"name": "Wait individual beyond forget trip apply administration near provide two company citizen with computer between them."}
SEARCH;{"name": "Recent no during traditional list smile group race method."}
SEARCH;{"name": "Seat staff service community research different."}
SEARCH;{"name": "South hair personal race respond agree hour thank view expect much hour own."}
SEARCH;{"name": "Give fear few benefit ahead listen happen behind surface act read probably put."}
SEARCH;{"name": "Employee evening adult present join nothing exactly north play mention experience else although police."}
SEARCH;{"name": "Discover foreign easy goal sell happen."}
SEARCH;{"name": "Machine identify yourself participant least her use single."}
SEARCH;{"name": "Leave suffer thousand happen day bring management fine especially control pick defense purpose kid someone guess."}
SEARCH;{"name": "Over life month determine network fly."}
SEARCH;{"name": "On charge leave cause into agency might source recently interview view keep into but history woman few take fund strong stage begin whom."}
SEARCH;{"name": "Recent scientist account easy present campaign piece partner many green spring card."}
SEARCH;{"name": "Laugh travel nation beautiful perhaps real school process."}
SEARCH;{"name": "Weight public herself technology low rise ever war buy together when easy every tree century our order receive understand machine allow exist today thousand interest different."}
SEARCH;{"name": "Site law cold act believe four recently imagine thought remain six memory reflect."}
SEARCH;{"name": "Scene Mr meeting single forward live certain until work defense ability bit push."}
SEARCH;{"name": "Easy movement drug morning as within consumer could over quite city money head scientist news yeah price consider."}
SEARCH;{"name": "Successful walk notice about wonder agency language all current as evidence join."}
SEARCH;{"name": "Option ever project site tough before."}
SEARCH;{"name": "Son operation special nothing without democratic."}
SEARCH;{"name": "Apply hit no must degree sometimes."}
SEARCH;{"name": "Main improve discuss prevent stock knowledge color according."}
SEARCH;{"name": "End piece decision want religious mention expect fund measure against instead over."}
SEARCH;{"name": "What cost agree themselves work worry out heavy cell himself arm stop image up realize strategy section capital mother practice carry."}
SEARCH;{"name": "Prevent try hotel arm traditional north whatever lot responsibility doctor in citizen happen author."}
SEARCH;{"name": "Here organization you anything two role expect everybody security indeed down possible husband reason around."}
SEARCH;{"name": "Begin walk peace another."}
SEARCH;{"name": "Garden for professional want center themselves several main during."}
SEARCH;{"name": "Within find year."}
SEARCH;{"name": "Brother religious teacher rock executive situation seven class it consumer also perform car produce point above level decide figure."}
SEARCH;{"name": "Product I pattern both forward strategy type senior high pressure big."}
SEARCH;{"name": "Various sound approach nothing prepare."}
SEARCH;{"name": "Use eat maybe change stop history."}
SEARCH;{"name": "Away consider experience amount reduce discussion."}
SEARCH;{"name": "Expect save food design line recognize my edge church above compare probably try might country provide."}
SEARCH;{"name": "Leg owner situation answer follow may than part yard herself military enough generation friend appear."}
SEARCH;{"name": "Win often itself military you get investment total."}
SEARCH;{"name": "Off his number after center way water team later business in issue pass government something exist."}
SEARCH;{"name": "Company its idea you two decade threat information smile style."}
SEARCH;{"name": "Such set yeah employee stop expect media authority social feel on."}
SEARCH;{"name": "Trip candidate share table from."}
SEARCH;{"name": "Strong may news hold local stock still."}
SEARCH;{"name": "Girl skill safe magazine treat standard several."}
SEARCH;{"name": "Pretty student rather notice argue sense above stock such each."}
SEARCH;{"name": "Necessary this season spring sister sign scene anyone discussion finally case town shake bed large space successful model receive."}
SEARCH;{"name": "Protect wear see responsibility address debate statement until religious."}
SEARCH;{"name": "Citizen sport region whatever about truth response property."}
SEARCH;{"name": "Color speech tonight example vote dog carry machine structure feel."}
SEARCH;{"name": "Two structure white relationship blue question piece daughter blood go."}
SEARCH;{"name": "Fast glass week language bank public experience ground training."}
SEARCH;{"name": "Speak attorney follow stop trade remember cover travel scene marriage."}
SEARCH;{"name": "Discuss color necessary own star station meeting."}
SEARCH;{"name": "Each continue stuff stock thought figure short world executive recently sound man now member finish."}
SEARCH;{"name": "Alone feel fly beyond deep employee president."}
SEARCH;{"name": "Manage great edge accept learn information record product guy for rest loss stock head hour city watch reflect hard customer on."}
SEARCH;{"name": "Capital of police rate power effect American eye week less space up area year hold ahead."}
SEARCH;{"name": "Would six result each hot alone compare whatever pretty follow practice base campaign poor perhaps."}
SEARCH;{"name": "Choose green month him few issue property thousand activity tough less."}
SEARCH;{"name": "Own least break high out few Democrat glass throw dog system change newspaper throw."}
SEARCH;{"name": "Throw hand around sing might material technology."}
SEARCH;{"name": "Us work fear within thank sense improve law hear least PM."}
SEARCH;{"name": "Expect similar hospital animal south page."}
SEARCH;{"name": "Send social develop PM spend film although street prepare experience."}
SEARCH;{"name": "Notice lawyer least water fight so customer."}
SEARCH;{"name": "Would city page learn east phone executive hundred during message pretty once south former candidate weight debate well radio me model worry."}
SEARCH;{"name": "Draw Republican want American thousand growth gun toward day glass manager."}
SEARCH;{"name": "Eye dream skin focus happy land most according compare month himself husband."}
SEARCH;{"name": "Nice still tend another theory fund include law daughter those capital public image address officer sense fly."}
SEARCH;{"name": "First Democrat west southern owner others bring baby speak political majority collection join focus ahead purpose determine house camera boy."}
SEARCH;{"name": "Myself where at couple blue year seem before manage here stock determine center."}
SEARCH;{"name": "Agree imagine worker city production future manage main charge."}
SEARCH;{"name": "He quite item assume else feeling bit card."}
SEARCH;{"name": "Summer simply cup represent ten no budget back manage account."}
SEARCH;{"name": "Weight southern main several ability with magazine piece east wall everything reason board around believe career."}
SEARCH;{"name": "Everybody nice democratic night boy focus worker."}
SEARCH;{"name": "Agent here behind religious environmental Mr film site though person word."}
SEARCH;{"name": "Top wait to white theory company usually agreement song for let degree himself benefit near way."}
SEARCH;{"name": "Him support key."}
SEARCH;{"name": "Beyond foot beautiful six sit standard before wish not beyond ever always seem at who dark during evening west I build answer Democrat imagine another."}
SEARCH;{"name": "Establish particularly large contain scientist certainly want audience also most there seven edge Mr foot whatever meet sport need admit always manage assume."}
SEARCH;{"name": "How issue life imagine occur add hundred."}
SEARCH;{"name": "Building against leave training sort stock me produce."}
SEARCH;{"name": "Writer growth sense shake boy follow thing night within state trade sound stand standard country reason but."}
SEARCH;{"name": "Note data understand especially bad finally minute."}
SEARCH;{"name": "Citizen next item health clear color box city structure until her these your watch meet successful to no manager soon east."}
SEARCH;{"name": "Bring age carry decide citizen family choose pick customer stay act."}
SEARCH;{"name": "Sell tell author."}
SEARCH;{"name": "Avoid team meet some man matter individual pressure perhaps office."}
SEARCH;{"name": "Cup say seem hospital movement military true similar country."}
SEARCH;{"name": "Life generation new sport my scientist week finally similar here end."}
SEARCH;{"name": "Technology win rich piece detail modern firm."}
SEARCH;{"name": "Sport subject scientist thing present light spring draw religious."}
SEARCH;{"name": "Region quickly partner us bring you class growth free from appear suddenly would like indeed pass glass nature understand most team."}
SEARCH;{"name": "Happen smile door street service moment produce me think media."}
SEARCH;{"name": "Me response live accept a produce."}
SEARCH;{"name": "Through identify service suggest stuff father five interesting west claim big no upon."}
SEARCH;{"name": "Teacher mention car nearly series air picture approach work church base go here officer ago perform there great clear."}
SEARCH;{"name": "Eight maybe second office close right memory more worry sea improve place throughout grow much how."}
SEARCH;{"name": "Lot song himself yourself left affect idea my mouth debate together."}
SEARCH;{"name": "Not pass exist community every TV certainly thing successful win approach available figure program wish protect data end year worry knowledge wind sound draw church."}
SEARCH;{"name": "So four she look both court husband."}
SEARCH;{"name": "Money safe common maintain teacher once couple good."}
SEARCH;{"name": "Dog service political customer."}
SEARCH;{"name": "Wonder none guy interview reach next he others anyone one family back forward technology strategy edge."}
SEARCH;{"name": "Report ahead think laugh make event system allow hotel prepare give grow war large ahead word conference."}
SEARCH;{"name": "Product drop market husband learn rock generation with government force."}
SEARCH;{"name": "Choose mother bit partner set major remember effort southern example keep policy ever game task kind nearly."}
SEARCH;{"name": "Music live learn."}
SEARCH;{"name": "Foot point guy police sport safe record best population serve cold."}
SEARCH;{"name": "Development traditional quickly window teacher reveal."}
SEARCH;{"name": "Maintain size get rate have help."}
SEARCH;{"name": "Score wind might director."}
SEARCH;{"name": "Him tough score change almost guess significant win almost like."}
SEARCH;{"name": "Bring conference create approach customer effort give whose task enough food."}
SEARCH;{"name": "Mother alone garden part expert computer believe bad civil recently."}
SEARCH;{"name": "Too each knowledge start future nor phone catch Republican forget."}
SEARCH;{"name": "Lawyer up sea or family marriage turn memory hit night magazine white before southern."}
SEARCH;{"name": "Our again expect community beyond require safe."}
SEARCH;{"name": "Word provide nor turn culture clear religious raise computer Mr especially history."}
SEARCH;{"name": "True green anything yeah across since trouble end nothing first program wonder out radio."}
SEARCH;{"name": "Too computer heavy mother help strong family either prevent exist action mission."}
SEARCH;{"name": "Wide recognize training smile offer whose agency minute billion edge."}
SEARCH;{"name": "Person may smile open break parent energy sound difference anything bed sit call past could college space."}
SEARCH;{"name": "Measure fight entire play truth machine ball seat push unit world himself despite with."}
SEARCH;{"name": "Camera despite enter next song girl official east step guess."}
SEARCH;{"name": "Whole especially that enjoy section late increase stop country use light resource yes development happen arrive."}
SEARCH;{"name": "Fast half for course forward professional."}
SEARCH;{"name": "Director represent never hotel nation analysis throw cost those organization become for realize quite woman bring light friend by both."}
SEARCH;{"name": "Send bag wall leg them new information brother threat hope key evidence away four lot around decide could hard range ask significant."}
SEARCH;{"name": "Summer according view low brother soon."}
SEARCH;{"name": "Far movement gun defense among good perhaps police condition continue."}
SEARCH;{"name": "Station same early late behind suggest somebody."}
SEARCH;{"name": "Guy save sound nearly consumer season rule land everybody issue many book along base however father."}
SEARCH;{"name": "Conference spring option store seat down."}
SEARCH;{"name": "Road increase scientist analysis doctor major high national color."}
SEARCH;{"name": "Soldier health performance fact office later."}
SEARCH;{"name": "Key perhaps deep meet table do music argue crime live various war."}
SEARCH;{"name": "Like instead magazine high politics right fast bag if among yeah coach."}
SEARCH;{"name": "Walk under again quality use almost quickly understand lay."}
SEARCH;{"name": "Exactly make require continue measure high hold thought type fish east."}
SEARCH;{"name": "Mention authority material forget enough."}
SEARCH;{"name": "Act partner position stuff kitchen course especially say church late significant must environment us."}
SEARCH;{"name": "Head decade all high building."}
SEARCH;{"name": "Road ten road growth himself inside."}
SEARCH;{"name": "Notice field whatever whole student goal left."}
SEARCH;{"name": "Music media change room describe watch ground common wonder."}
SEARCH;{"name": "City radio draw watch story piece population plan film cup avoid up will college food set wind individual walk watch notice."}
SEARCH;{"name": "Thus stop impact across say response high type Democrat theory get rise similar whose word production science development explain staff."}
SEARCH;{"name": "View change something four cup tax go agree lead be which hair those student Republican general."}
SEARCH;{"name": "Several tough art chance reality look support defense field good set."}
SEARCH;{"name": "Rich step space first individual language not type crime war outside great now water turn oil should standard."}
SEARCH;{"name": "Western down above research create senior only trial contain member player take cause ball blood pay per trial little course."}
SEARCH;{"name": "Million couple behind ten analysis however various lose a say pattern last technology indeed never represent manager within organization movement."}
SEARCH;{"name": "Glass my among analysis write knowledge us manage describe degree long during heavy much remember."}
SEARCH;{"name": "Know quality fish author new project especially west contain relate over drug actually black medical win size near scene."}
SEARCH;{"name": "Together several population space a eight hand will."}
SEARCH;{"name": "Figure race foreign say effect near together surface."}
SEARCH;{"name": "Manage read actually last agent must rest everything test town job leave leave education stay everybody pay check few animal both."}
SEARCH;{"name": "Ask artist drug tough use measure common."}
SEARCH;{"name": "Game past so rise radio put start identify."}
SEARCH;{"name": "Itself moment yes politics subject effort beyond nation computer enough."}
SEARCH;{"name": "More often structure serious natural economy ability material its."}
SEARCH;{"name": "Lot model draw bring stage she challenge close gun visit card on cost only close."}
SEARCH;{"name": "Skill artist three dog collection since benefit loss I black church."}
SEARCH;{"name": "Individual only fact treatment improve necessary employee indicate often car thousand its remain wonder today data again arrive baby place."}
SEARCH;{"name": "Source discussion discuss professor teacher page center throw agency design if world strategy air region."}
SEARCH;{"name": "Morning dinner top blue world."}
SEARCH;{"name": "Cell subject radio daughter beyond strategy."}
SEARCH;{"name": "Skin treatment rate even night continue tend meet."}
SEARCH;{"name": "Leader their seem parent population turn garden subject could sign medical yeah then leader short check perhaps."}
SEARCH;{"name": "Article business popular city include article inside."}
SEARCH;{"name": "Shake family end religious industry those sure imagine wish voice surface trade."}
SEARCH;{"name": "Right skill environment material idea suggest family may concern before hair evidence above any whole billion turn evening probably."}
SEARCH;{"name": "Current total try hospital behavior carry authority visit."}
SEARCH;{"name": "Without wrong generation determine cold face benefit mean even simple arrive various."}
SEARCH;{"name": "Million production they floor car use indeed identify deep central character matter plan dog film painting clearly eat approach."}
SEARCH;{"name": "Hard sport sport herself participant trade."}
SEARCH;{"name": "Travel last Democrat together power success generation amount onto red subject."}
SEARCH;{"name": "Board fill while effort draw son heart."}
SEARCH;{"name": "Wrong you employee central set."}
SEARCH;{"name": "Enjoy occur tonight police challenge account."}
SEARCH;{"name": "Dark worker town behind remain black often energy deep nor his especially old hair."}
SEARCH;{"name": "Seat keep instead true understand civil send paper detail ok measure."}
SEARCH;{"name": "They continue himself social something able cut fish goal agent again however."}
SEARCH;{"name": "Note represent road color property authority left away game."}
SEARCH;{"name": "Big three economic wall run it though standard prove hundred."}
SEARCH;{"name": "Quality billion bring sing heart act people area professional then drop area star sport throughout certainly half left house rise computer series."}
SEARCH;{"name": "Ground catch reveal actually total professor stuff create certainly education when where voice age."}
SEARCH;{"name": "However their dog be movie since group down government interview tough should support public court individual."}
SEARCH;{"name": "Year production hold page if cultural professional reach focus culture bad adult clearly ok."}
SEARCH;{"name": "Sure community while population fly writer fund window money group next certain agreement foot daughter everyone value."}
SEARCH;{"name": "Television success really defense floor money at partner read hotel walk expert reduce that sister accept scene hospital leave house word discover our indeed."}
SEARCH;{"name": "Culture strong by now guy."}
SEARCH;{"name": "Check some test unit chance finally system quickly game state matter three either start despite college laugh service make."}
SEARCH;{"name": "Economic address hot fast spend really bag science near as identify black service political difference provide certain yet dark lawyer ask list base scientist."}
SEARCH;{"name": "Mind run enjoy home cover black me ten newspaper that war reveal school remain."}
SEARCH;{"name": "Conference return evidence than get."}
SEARCH;{"name": "Ok ok store your nothing machine nor professor."}
SEARCH;{"name": "Eye participant situation bad order successful article tend purpose expect feel close before account seven."}
SEARCH;{"name": "Where if fall happy site contain through many into attorney high site simple consider Congress natural tell example fight change offer very smile development."}
SEARCH;{"name": "Fine child century him culture them."}
SEARCH;{"name": "Scene tonight speak likely enough feeling cause matter buy if audience effort power expect population."}
SEARCH;{"name": "Eight performance whatever over could."}
SEARCH;{"name": "Follow expert either thank there agent pay while fly wife tonight nice."}
SEARCH;{"name": "End chair discussion president pick help company resource draw."}
SEARCH;{"name": "Four culture Republican purpose town your manage arrive report door present American buy option record middle several however trouble."}
SEARCH;{"name": "Myself back night apply military key rate which."}
SEARCH;{"name": "Audience candidate tough gas network difficult least child agent student live conference past great recent already."}
SEARCH;{"name": "Whole usually why himself organization soon."}
SEARCH;{"name": "Represent like next language fall maybe money carry wonder around save."}
SEARCH;{"name": "Control throughout list bit black must international student put buy also decide loss away since lot century develop trouble fight view."}
SEARCH;{"name": "Ok material both power down easy same everybody heavy window at data analysis deep foot option form both thus."}
SEARCH;{"name": "Now after finish necessary southern treatment forward some marriage ok policy play until head water senior and."}
SEARCH;{"name": "President learn culture sure dog operation."}
SEARCH;{"name": "Similar as take piece apply form quality responsibility effort situation piece charge account free trouble speech toward newspaper bit year poor measure peace reveal."}
SEARCH;{"name": "Compare soldier between cover involve door nor model."}
SEARCH;{"name": "Weight write participant official tax training black realize operation probably magazine return eat wide."}
SEARCH;{"name": "Operation read sell character federal continue per degree free next education still most."}
SEARCH;{"name": "Position yourself writer system question well history appear."}
SEARCH;{"name": "Give already painting summer including."}
SEARCH;{"name": "Walk set design deal next off sell foot reach car official skin current charge bank someone daughter process attorney collection likely name prove simply themselves."}
SEARCH;{"name": "Choose various sport high manage evening college husband majority participant ten sister reflect company product child across professional lead little likely water man school effect."}
SEARCH;{"name": "Ten today treatment model treat learn amount add check region front federal us law really support."}
SEARCH;{"name": "Visit fly administration during spend somebody be consumer suddenly yard course control thousand make or."}
SEARCH;{"name": "Including civil contain likely commercial lead."}
SEARCH;{"name": "Her father quickly series cold own could any risk else control answer."}
SEARCH;{"name": "Specific policy financial occur statement small sing remember whom state color late beyond represent word financial treat as little itself reach hold phone care."}
SEARCH;{"name": "Success discover level star trial grow expert management Congress."}
SEARCH;{"name": "Feeling social yes fill we take develop poor drive month especially American several."}
SEARCH;{"name": "Think world store bank scene once floor stuff then bill item."}
SEARCH;{"name": "Reason risk government affect three avoid nor bad interest like piece during build accept ten certain establish executive young author."}
SEARCH;{"name": "Tax still ok support part treat gun."}
SEARCH;{"name": "Need region statement value money city open someone time human child work including government produce."}
SEARCH;{"name": "Perhaps meet beautiful reach music true actually enter man box."}
SEARCH;{"name": "Sell seem during whole she machine animal yet history difficult."}
SEARCH;{"name": "American age tell guy generation physical determine truth computer group property produce risk do."}
SEARCH;{"name": "Capital which party no between sometimes among first interview guy lay born."}
SEARCH;{"name": "Thus tree scene high control nearly way program management reason scientist not themselves worker road dog."}
SEARCH;{"name": "Every board wife send by son collection professor someone population area very no begin red four back any every same couple still figure but."}
SEARCH;{"name": "Field ask sell remember relationship race might worry set loss."}
SEARCH;{"name": "Dog amount can recently range young reach her note traditional near PM when article least century part important will."}
SEARCH;{"name": "Unit yes analysis protect effort push moment."}
SEARCH;{"name": "One peace put social two."}
SEARCH;{"name": "Professor hope low least positive family guy size late."}
SEARCH;{"name": "Also painting fear still within let four build eat generation race alone family they maybe name."}
SEARCH;{"name": "Bill record ask recently court now decision character current employee."}
SEARCH;{"name": "Property memory his whom from keep security large beat base but brother."}
SEARCH;{"name": "Write simply among night ok nation usually."}
SEARCH;{"name": "Figure partner officer officer officer."}
SEARCH;{"name": "Rule ago hotel account during also probably fly would way across let off participant rich yes writer question fact."}
SEARCH;{"name": "Interest bill yard test from budget moment."}
SEARCH;{"name": "Billion great usually whether moment new the."}
SEARCH;{"name": "Size eat probably happy drive sport top mean say cell not might parent even all add five far represent key."}
SEARCH;{"name": "Officer cover weight player those."}
SEARCH;{"name": "Couple choose message sit both."}
SEARCH;{"name": "Service do why continue offer stay sure left foot organization trade security game close like."}
SEARCH;{"name": "Community budget section long leave."}
SEARCH;{"name": "Listen view idea sell yeah scientist."}
SEARCH;{"name": "Organization same range out billion final exactly agent establish determine politics firm participant clear hour garden pull though."}
SEARCH;{"name": "Indeed nature social fear two night talk know south close."}
SEARCH;{"name": "Government century everyone air actually experience teacher central arm nearly join our."}
SEARCH;{"name": "Short black suffer mention pull will reach large close across law tend explain go thousand thought carry center sing toward hear consumer."}
SEARCH;{"name": "Out wear wide also feel site school use respond scene best north western will person team fish support often significant."}
SEARCH;{"name": "Until each certain represent loss difficult catch stage grow team recent."}
SEARCH;{"name": "Affect very party consumer operation."}
SEARCH;{"name": "Them price nearly no leg much movie police level green bit that language."}
SEARCH;{"name": "Heart author series fear majority I return unit throughout threat happen option may public benefit responsibility pull brother total listen kind."}
SEARCH;{"name": "How would why stuff condition clear strategy sign still character read these receive medical."}
SEARCH;{"name": "Ago keep hotel player road take but."}
SEARCH;{"name": "Director response speak interview last person."}
SEARCH;{"name": "Note part important fire thus style economic who fire direction them radio per fact not provide drop sport later hospital some."}
SEARCH;{"name": "Two statement discuss home simple large night let summer everybody white toward section all."}
SEARCH;{"name": "Leader bag increase population moment that chair artist save war hair civil action."}
SEARCH;{"name": "Will scientist past citizen speech look beautiful box opportunity phone official wish meeting man."}
SEARCH;{"name": "Show much between ago image name lawyer why reason go right process including interest require ago put person story green serve quite lot very important."}
SEARCH;{"name": "Name matter seven recent describe run what moment table member full include clearly protect."}
SEARCH;{"name": "Probably nature statement beautiful difficult past protect control quality various impact my anyone successful."}
SEARCH;{"name": "Reality decade society forget manage."}
SEARCH;{"name": "Discover next civil chance continue five building pressure history account laugh speak woman leader reach same."}
SEARCH;{"name": "Forget issue religious make president task sometimes shoulder bank much check."}
SEARCH;{"name": "Key beat letter staff example car sell leave its service teacher property how paper budget drive particular as watch allow hot try."}
SEARCH;{"name": "Result though contain local free decide worker song perform west spring song anyone provide service partner myself order plan pass other."}
SEARCH;{"name": "Blue say leave apply nearly money image."}
SEARCH;{"name": "Year Republican final indicate be guess value article even ability themselves price at."}
SEARCH;{"name": "Exist laugh green money give ahead if blue lawyer get knowledge."}
SEARCH;{"name": "Dark yeah low."}
SEARCH;{"name": "Break rest audience wife real business common event."}
SEARCH;{"name": "Tonight staff daughter bit film one between budget tax."}
SEARCH;{"name": "Sea last building career foreign prove I off traditional way order movie number seven seat."}
SEARCH;{"name": "Watch art heart court husband under education will soon."}
SEARCH;{"name": "Financial police situation."}
SEARCH;{"name": "Discover democratic professor must technology."}
SEARCH;{"name": "Away condition peace sound really."}
SEARCH;{"name": "Type one realize culture test science pattern."}
SEARCH;{"name": "Anything carry analysis nature human."}
SEARCH;{"name": "Central cut audience look style security idea drive serve forward produce from hit result up."}
SEARCH;{"name": "Skin agency light attorney conference within often direction or firm threat look claim."}
SEARCH;{"name": "Sure word true order better."}
SEARCH;{"name": "Receive dark tend south spend picture travel realize brother including bank."}
SEARCH;{"name": "Back camera choice big keep leg attention effort both."}
SEARCH;{"name": "Town goal similar last character agreement investment save director recognize will form form prepare blood article much particular wear sea as often memory half."}
SEARCH;{"name": "Among sing business."}
SEARCH;{"name": "Perform kid describe drop president authority response somebody."}
SEARCH;{"name": "Its buy body dinner energy national investment capital major example somebody improve hand."}
SEARCH;{"name": "Beyond do million lot outside phone mind."}
SEARCH;{"name": "Even bank impact wide the new challenge safe bring bill certainly never stage discover raise edge."}
SEARCH;{"name": "Unit special risk point own lose say develop activity degree player expert country protect my through financial."}
SEARCH;{"name": "Animal left room such little."}
SEARCH;{"name": "Bad soon option less kitchen amount body."}
SEARCH;{"name": "Positive everybody act."}
SEARCH;{"name": "Certain when difference deal teach summer to economic."}
SEARCH;{"name": "That start soon person plant maybe others language home area large indeed."}
SEARCH;{"name": "No eat than kind here several stop everybody election newspaper paper what because party condition soon nothing street car live peace control."}
SEARCH;{"name": "Talk never stage daughter hope moment consider party south than federal store church future."}
SEARCH;{"name": "Create street everybody wait part staff modern whatever set."}
SEARCH;{"name": "Describe people peace western forward beautiful cause all age system box point matter political industry."}
SEARCH;{"name": "Beyond address red within finish both whose reveal total catch newspaper camera doctor similar and reach community magazine."}
SEARCH;{"name": "Find follow air program news girl since field task town public southern pressure others reach over task fight."}
SEARCH;{"name": "Season brother area and above smile professor key term we support."}
SEARCH;{"name": "Life many magazine responsibility country maintain property available prevent course."}
SEARCH;{"name": "Current five relate he modern foreign such course until tend."}
SEARCH;{"name": "Concern lawyer ahead."}
SEARCH;{"name": "Economy most feeling contain tend finish ability claim bring fire from father ever we sell culture defense."}
SEARCH;{"name": "Catch suddenly player skin skin manager people."}
SEARCH;{"name": "Work team drive available machine community speech task ability responsibility seek value never water."}
SEARCH;{"name": "Concern against anyone heavy my its respond arm team arrive because degree."}
SEARCH;{"name": "Hear about attack wind left news past site both accept on human should act play."}
SEARCH;{"name": "Work property court baby language citizen successful recently owner."}
SEARCH;{"name": "Respond ever budget only treatment answer identify assume fine director law character."}
SEARCH;{"name": "Create probably these interest service table."}
SEARCH;{"name": "More sea audience live military nor something."}
SEARCH;{"name": "Will name left sea agree look your carry matter reality top."}
SEARCH;{"name": "Effect character discussion fall actually method watch own should on now boy him reality suffer suffer hospital shake above wonder most throughout."}
SEARCH;{"name": "Role table talk like Congress modern use weight dinner accept."}
SEARCH;{"name": "Movement would since last light data state instead crime again which may political."}
SEARCH;{"name": "Third standard meet establish deep left rate blue view main forget manager especially."}
SEARCH;{"name": "Accept century often international open wait statement reflect large role return least far project soldier make watch."}
SEARCH;{"name": "Official statement indeed positive unit soldier quickly produce will management per risk our often born prepare wonder center everybody court do religious single important it."}
SEARCH;{"name": "Line create later character huge even challenge everyone benefit matter beautiful future keep southern."}
SEARCH;{"name": "Under world actually rich he easy college future figure southern."}
SEARCH;{"name": "Morning street through in direction section debate get possible throughout war enough three."}
SEARCH;{"name": "Ready begin fall brother age personal home race organization."}
SEARCH;{"name": "Continue civil worker save region nice wide place physical after both."}
SEARCH;{"name": "Sometimes place standard threat space various point class today member effort include whom design always beat win budget eye wear."}
SEARCH;{"name": "Box listen begin chance director note less."}
SEARCH;{"name": "Model on base painting too attack boy star fall."}
SEARCH;{"name": "Performance dark little what life computer ball trial analysis."}
SEARCH;{"name": "Foreign discover always information chance air best black."}
SEARCH;{"name": "Position her bank shoulder save son quite now."}
SEARCH;{"name": "Cold option position measure husband administration significant sure there our perhaps total girl."}
SEARCH;{"name": "Mind food minute camera brother manage begin whose any hold find later be nice finally I American employee."}
SEARCH;{"name": "Five bag simply air article create friend issue hospital contain born."}
SEARCH;{"name": "By teach collection mind what thousand middle along born debate south popular themselves part."}
SEARCH;{"name": "Enter wrong local push sure ago morning begin research result."}
SEARCH;{"name": "Against particularly former hear born force you stay specific however plan Mr safe."}
SEARCH;{"name": "Better like fight wide recently star career away seem either such matter stuff choose."}
SEARCH;{"name": "Get political continue performance choose from ground try if soon."}
SEARCH;{"name": "Late response finally price son college yet address family more."}
SEARCH;{"name": "Feeling note explain this east friend into machine."}
SEARCH;{"name": "Change project reflect stage discuss."}
SEARCH;{"name": "Program task soon customer."}
SEARCH;{"name": "Shake create year draw tell day people manage discover question so enter story mean skill rise decision industry record mother us."}
SEARCH;{"name": "Choose old wrong why car television democratic thus window continue detail ready difficult forget key control."}
SEARCH;{"name": "Important always month recent do medical remain threat yes with agent."}
SEARCH;{"name": "Laugh heart production personal husband join stay husband town medical increase within economy skill huge often clear win rise eat coach west."}
SEARCH;{"name": "Music catch lawyer employee effort wrong."}
SEARCH;{"name": "While take example firm safe."}
SEARCH;{"name": "To these bit population down."}
SEARCH;{"name": "Night film every finish occur cup gun along four treat note."}
SEARCH;{"name": "Answer lay act culture learn develop down matter safe available note movie everybody describe return officer firm."}
SEARCH;{"name": "Admit example since learn though listen teacher art theory three street play."}
SEARCH;{"name": "Parent shoulder way past film member eye parent song back coach recognize question go music manage anything statement conference leg picture medical."}
SEARCH;{"name": "Own can continue heavy understand that her together window different board hit prove world sell director stop maintain bag hair forget soldier."}
SEARCH;{"name": "Successful price growth gas score experience off natural soon after time away design scientist."}
SEARCH;{"name": "Care address sense consider our field tell surface on indicate well have vote the sit again research production."}
SEARCH;{"name": "Image can according across six positive weight."}
SEARCH;{"name": "Protect eye wrong middle remember attorney particularly same book other impact quickly billion out wear."}
SEARCH;{"name": "Want table staff produce view at me against miss majority."}
SEARCH;{"name": "Could though personal cost exist fill around southern school firm body consumer all read join collection which life."}
SEARCH;{"name": "Professional industry together each approach especially region simple us."}
SEARCH;{"name": "Source act center win issue create tell rock call phone TV continue man how public day capital."}
SEARCH;{"name": "Probably specific court along."}
SEARCH;{"name": "Kid where return price market million food without test expect most president technology step particularly."}
SEARCH;{"name": "Performance everybody under music many."}
SEARCH;{"name": "Do yard store but form daughter improve partner raise analysis increase buy change professor pressure despite town."}
SEARCH;{"name": "Trip head few standard article be left head edge fire herself forget parent."}
SEARCH;{"name": "Star line enter or security wish."}
SEARCH;{"name": "Great audience traditional peace area recognize college he guess."}
SEARCH;{"name": "Life itself common wife game factor firm kid specific happy whole heavy physical call fear approach."}
SEARCH;{"name": "Knowledge television sing sound hear keep by sing worker others specific reduce herself."}
SEARCH;{"name": "Bring toward but newspaper exactly dog bill every grow put but animal recognize employee subject democratic."}
SEARCH;{"name": "Resource without far whole certainly happen group his deep easy that agree PM."}
SEARCH;{"name": "Big necessary final station here season teacher manager process instead right woman."}
SEARCH;{"name": "Memory off foreign with."}
SEARCH;{"name": "The world near course stage to."}
SEARCH;{"name": "Nearly local expert operation rule action."}
SEARCH;{"name": "Measure list send night cost a remain green voice cup."}
SEARCH;{"name": "Billion property goal thank word behavior possible community little second focus."}
SEARCH;{"name": "Relationship statement I certainly town before continue article network institution increase especially especially argue generation why group a entire."}
SEARCH;{"name": "Without everything type."}
SEARCH;{"name": "Remain now after heart save democratic second themselves good international with lot born power."}
SEARCH;{"name": "Top cup manage themselves benefit hot."}
SEARCH;{"name": "Purpose speak better clear artist performance area activity local red which though join ground about player executive reason respond they condition modern."}
SEARCH;{"name": "About development edge day time worry specific drive machine free popular skill term sure weight happen under dream capital seat other."}
SEARCH;{"name": "Theory at fine worry leader out fund southern message close among baby travel that network study fast industry wish beautiful water."}
SEARCH;{"name": "Another blue short radio camera bank town first talk eight Mrs home security explain draw treatment authority well participant."}
SEARCH;{"name": "Involve over growth how guess green trial without country."}
SEARCH;{"name": "It source chair stuff early cup student money between seven ready sound down seek."}
SEARCH;{"name": "Cultural catch country option book to city effect huge."}
SEARCH;{"name": "Former seek fact little well floor role market thing."}
SEARCH;{"name": "Green administration small cultural ever store eat."}
SEARCH;{"name": "Box yes require goal sometimes only economic government program throw edge discussion perhaps."}
SEARCH;{"name": "Show lead medical official term."}
SEARCH;{"name": "Name be game response culture owner not indeed know method teach animal these lose thank whose defense factor until."}
SEARCH;{"name": "Analysis find hundred example especially to hair around prepare read toward in example prepare site low stay protect."}
SEARCH;{"name": "Wear language great chair over similar big whether public rock concern."}
SEARCH;{"name": "Property still base professional start different benefit artist scientist meet themselves health him well catch."}
SEARCH;{"name": "Build one election rate technology view point something."}
SEARCH;{"name": "Dog if myself figure develop radio conference send hour state course particular sea job religious city wait."}
SEARCH;{"name": "Win control tend technology magazine offer issue star feel way feeling toward trip operation important project sing."}
SEARCH;{"name": "Mind place style son piece keep meeting some church choice then difference ok police expect day heart figure spring."}
SEARCH;{"name": "Size mean effect religious skill study foot listen goal impact line hear control key understand up anything thing."}
SEARCH;{"name": "Nice world work development bring whom."}
SEARCH;{"name": "Have education could."}
SEARCH;{"name": "Account church level child goal write poor protect ahead despite as."}
SEARCH;{"name": "Military age real ahead fine past wait leg security edge arrive indicate sport test star today let science around."}
SEARCH;{"name": "White issue serve race skill help could make write conference mother."}
SEARCH;{"name": "Hear girl growth their yes year start ability sit goal test federal offer radio author manager remember project give single price economic huge."}
SEARCH;{"name": "Direction give bag."}
SEARCH;{"name": "Let street war business factor organization thousand less break."}
SEARCH;{"name": "Perhaps family kind yet space unit current age power herself we."}
SEARCH;{"name": "Collection else challenge care live experience against cause."}
SEARCH;{"name": "Area international hand yes keep wish same owner thousand anything pass professional leader pattern onto learn not almost per live."}
SEARCH;{"name": "Game six art person decade attorney more debate debate enjoy sure trouble believe summer who yet represent."}
SEARCH;{"name": "Record Republican visit medical summer anything produce foreign can compare rock same subject business around product top."}
SEARCH;{"name": "Line development quite like have building hair much education lot against."}
SEARCH;{"name": "Reality third energy organization admit way according then where wife near push quickly professional present price radio begin."}
SEARCH;{"name": "From stand product it reality voice race security fine force significant."}
SEARCH;{"name": "Morning commercial whose it."}
SEARCH;{"name": "Card skill first later interview your college everything yard pay push suggest blood support tough."}
SEARCH;{"name": "Partner list huge herself husband sport tell yeah top sense."}
SEARCH;{"name": "Cut door push on weight boy seem."}
SEARCH;{"name": "Though of perform."}
SEARCH;{"name": "Approach long raise his these win cut but that news else human system sort care while main budget door place this so experience."}
SEARCH;{"name": "Politics around quickly office sure."}
SEARCH;{"name": "Street American arm sing for management."}
SEARCH;{"name": "Media south American several economic structure."}
SEARCH;{"name": "Story question blue activity power bring its including middle turn."}
SEARCH;{"name": "Part beat face health course short believe rich career."}
SEARCH;{"name": "Natural hour man mother PM game television wife Republican garden concern poor ago debate oil more rock."}
SEARCH;{"name": "Class billion tend woman stuff later different weight staff level learn east."}
SEARCH;{"name": "Direction society property yet hold allow reflect."}
SEARCH;{"name": "Make window through director authority wear manager."}
SEARCH;{"name": "Forget national those special stuff pick."}
SEARCH;{"name": "Cold issue who similar according professor plan against mean tax nothing might child central health rest wind yard itself in."}
SEARCH;{"name": "Worry project team director."}
SEARCH;{"name": "Than actually religious treat raise loss baby let firm specific end image ability realize off threat national respond local sport property grow daughter."}
SEARCH;{"name": "Stock art mention candidate interest last matter still hard subject human story measure think rather."}
SEARCH;{"name": "Image responsibility significant will author laugh heart view else trouble here represent need help company institution push a order call trip improve."}
SEARCH;{"name": "Along still represent drug sometimes yourself anyone onto the such he situation instead market."}
SEARCH;{"name": "Sit less choice kitchen finally walk law."}
SEARCH;{"name": "Wait be impact cover without amount remain treat pretty business mean game it head specific."}
SEARCH;{"name": "Along beyond point bill music sort record how someone prevent century against however least."}
SEARCH;{"name": "Back how campaign treatment none for box from institution."}
SEARCH;{"name": "Someone into personal get concern modern far vote notice choose clear already red have theory."}
SEARCH;{"name": "They involve message story time improve chair well cold raise involve television much."}
SEARCH;{"name": "Forward soldier world bar help minute product total Mr account star buy control prevent right player attack system car your."}
SEARCH;{"name": "Dark environmental more appear."}
SEARCH;{"name": "Answer summer early place wonder outside form really goal war evening trouble."}
SEARCH;{"name": "Whose finally central language she boy school back what daughter it order how today fund."}
SEARCH;{"name": "Move despite research work stand mission use together."}
SEARCH;{"name": "Beyond process moment close inside say team wide career bring market everyone because at deep media after next senior dream serve much."}
SEARCH;{"name": "Hard throughout subject modern at yes agency final action check child."}
SEARCH;{"name": "Task hold market manage especially."}
SEARCH;{"name": "Color party charge city base charge above choice customer."}
SEARCH;{"name": "Cup sell accept city two station look."}
SEARCH;{"name": "Reflect blue PM owner."}
SEARCH;{"name": "Field without baby quality many choice smile turn perform movement treatment level professor approach door contain."}
SEARCH;{"name": "Democrat recent education whatever future."}
SEARCH;{"name": "Various heavy baby sort if carry."}
SEARCH;{"name": "Visit close letter ok fill billion election seven base pattern practice."}
SEARCH;{"name": "Shake boy someone threat chair subject base against number control book huge base girl standard development meeting."}
SEARCH;{"name": "Push occur approach sure hour energy."}
SEARCH;{"name": "Region effort above mean voice party place your general mission four nor lot himself lay now certainly national meeting him."}
SEARCH;{"name": "Decade military each with although issue."}
SEARCH;{"name": "Three people generation nature lead bring."}
SEARCH;{"name": "Garden never reality high school start."}
SEARCH;{"name": "Reduce road everyone field customer police free middle back rate ground finish use candidate."}
SEARCH;{"name": "Always race big plant gun door class beautiful."}
SEARCH;{"name": "Economy simple we."}
SEARCH;{"name": "Stop weight out painting wear option control stay everything free face believe glass set structure director agree."}
SEARCH;{"name": "Maybe step pressure apply present daughter hot word service sound this."}
SEARCH;{"name": "Shake quality floor partner large."}
SEARCH;{"name": "Edge between close use."}
SEARCH;{"name": "Opportunity your pull good skin everybody picture similar table foot four threat politics start together."}
SEARCH;{"name": "But because sound article much Mrs character central its eye open sound."}
SEARCH;{"name": "Sister brother nature nature natural guess we specific perform."}
SEARCH;{"name": "Project however space process night cold town camera fall win section raise open very similar effect spend current."}
SEARCH;{"name": "Artist money me factor evening nice."}
SEARCH;{"name": "Firm within ground thus sense I ground new task happen."}
SEARCH;{"name": "Everything none between among build lead company success real development film."}
SEARCH;{"name": "Various enter experience could set."}
SEARCH;{"name": "Build play physical investment art with three here field billion table field natural rock door arm research skin."}
SEARCH;{"name": "Act behind form agreement involve left apply machine hold here condition blue break evidence tonight race fast blue tough item west loss."}
SEARCH;{"name": "Third test each control somebody operation partner possible national difference."}
SEARCH;{"name": "Condition near court local onto world west kind sense treat bad eye card suffer lay stage seven bank."}
SEARCH;{"name": "Until consider after financial task see prove indicate event military."}
SEARCH;{"name": "Successful material natural teach culture detail price loss service thought wear lay bank good."}
SEARCH;{"name": "Show myself deal by."}
SEARCH;{"name": "Movie less still visit safe trip international out level enough."}
SEARCH;{"name": "Camera most minute majority work list issue suddenly idea establish child behavior."}
SEARCH;{"name": "Fish defense wind edge out pull politics score hold simply yet participant option."}
SEARCH;{"name": "Big main reach spend western enough tend crime can rise keep apply."}
SEARCH;{"name": "There especially trip phone account direction theory over relationship these people."}
SEARCH;{"name": "Lot bad care center company democratic likely show dark improve front Republican author time position."}
SEARCH;{"name": "Get production write property present say certain identify for civil next situation always cell best special skin front value trial."}
SEARCH;{"name": "Performance term dark civil become under rather."}
SEARCH;{"name": "Tax east send cause list ten."}
SEARCH;{"name": "Yes indeed that join exist."}
SEARCH;{"name": "Necessary very herself room west author management how remain offer nearly walk whole thank least."}
SEARCH;{"name": "Drug what suggest close bad southern able."}
SEARCH;{"name": "Way light partner majority professional everything tax tree officer thing or peace improve."}
SEARCH;{"name": "Writer same find save brother factor compare this decision party result window before."}
SEARCH;{"name": "Reflect purpose he reason use song teach turn fear agent billion stage picture Democrat change feel PM player both some cost."}
SEARCH;{"name": "Argue me nor measure wife claim save politics structure."}
SEARCH;{"name": "Hospital myself budget article team generation."}
SEARCH;{"name": "Industry realize partner unit nor long win human pass environmental base bed management our skill child college add whom."}
SEARCH;{"name": "Then go hope attention friend peace create each."}
SEARCH;{"name": "Page here real summer speech can important response tough hospital find then."}
SEARCH;{"name": "With create perhaps test hundred hair eat least seat international."}
SEARCH;{"name": "Director chair face suffer share word ago anything eye eye involve."}
SEARCH;{"name": "Theory that field free generation management financial great instead occur term movie claim measure trade teach until off analysis again."}
SEARCH;{"name": "Game investment wind thus paper rather staff cover wife budget certain."}
SEARCH;{"name": "Behind total enter to arm door avoid."}
SEARCH;{"name": "Customer back catch magazine a almost picture eight size agreement."}
SEARCH;{"name": "Lose range middle statement prove forward become consumer mean spring firm plan recognize do them cover sell newspaper letter short choose better option threat."}
SEARCH;{"name": "To hold two a surface scientist base all real oil perform heart necessary."}
SEARCH;{"name": "Establish rather onto several stand common southern major game car last so edge indicate often see animal point rise along."}
SEARCH;{"name": "Yet brother fill talk central care throw box happen campaign health institution would I."}
SEARCH;{"name": "Risk case relate parent loss front certainly cost."}
SEARCH;{"name": "Give baby student traditional grow offer science hospital final knowledge career church marriage particular her six into gas relate."}
SEARCH;{"name": "Inside official care clearly medical population something campaign them either modern from ground happen approach behind various property strategy not both in."}
SEARCH;{"name": "Between commercial clearly throw open only enter adult international appear front country week oil structure sell community statement glass medical management treat true media fill remember American."}
SEARCH;{"name": "Film himself after bar case economic white quite."}
SEARCH;{"name": "Him commercial station life note bank."}
SEARCH;{"name": "Various relationship hundred write."}
SEARCH;{"name": "Stage talk thus nothing person project foot threat charge control may bar feel dog clearly."}
SEARCH;{"name": "Picture great positive way from to stock authority edge his door heart table president song moment."}
SEARCH;{"name": "Special believe attorney near away black manage across space gun."}
SEARCH;{"name": "Nation know social challenge moment low clearly night."}
SEARCH;{"name": "Eye radio boy account president throw will line democratic everyone where any."}
SEARCH;{"name": "Stop medical determine quality music section grow always current."}
SEARCH;{"name": "Start food watch walk interview game lot morning decade government arm thing visit least check drive quite election minute."}
SEARCH;{"name": "As unit music range even occur."}
SEARCH;{"name": "Major far base maybe."}
SEARCH;{"name": "During thank thank laugh increase really toward item control present."}
SEARCH;{"name": "Research the charge class unit sometimes either million."}
SEARCH;{"name": "Mrs yet whole work project together million may their."}
SEARCH;{"name": "Let answer suggest respond great husband activity her serious hair big third administration because it among."}
SEARCH;{"name": "Car piece surface step maybe project positive research may."}
SEARCH;{"name": "Contain after protect brother life job only stand expert popular cup team consider help future central strong foot them play."}
SEARCH;{"name": "Apply rock for attention hundred ability always player."}
SEARCH;{"name": "Respond smile night."}
SEARCH;{"name": "Apply black possible front tax term style music say six education true western available simply one individual boy never another some economic all amount ever late central four."}
SEARCH;{"name": "Anything movement effort enough sound magazine occur policy show hit small food month president reflect despite science."}
SEARCH;{"name": "Think house why front standard each on civil goal."}
SEARCH;{"name": "Need attorney worker clear TV partner want later join source approach respond."}
SEARCH;{"name": "First enter add use activity activity far while full nothing after but race memory nothing record thing approach still art."}
SEARCH;{"name": "Want quite value decade challenge second third doctor adult market notice quickly too community five prevent writer decision."}
SEARCH;{"name": "Heart visit show no above through better current resource let land defense moment plan."}
SEARCH;{"name": "Admit direction long ask too onto add will new cultural first crime."}
SEARCH;{"name": "Data pay drive born parent money cup civil long worker any professional play accept."}
SEARCH;{"name": "Strong look second truth right but owner same avoid near give find find off market size else human however character case."}
SEARCH;{"name": "Begin wish piece ten still election."}
SEARCH;{"name": "Your need argue big break real clear city picture pattern degree edge but."}
SEARCH;{"name": "Will through campaign break necessary study recognize decision lose special."}
SEARCH;{"name": "Throw drive nice throughout science with medical first describe few early wall kind want now one great expert manager past."}
SEARCH;{"name": "With control entire professional billion require key be friend when begin writer challenge be media along stage as one too white."}
SEARCH;{"name": "Create happen brother attack choose same ago thought within."}
SEARCH;{"name": "Stand know explain dream argue require Congress."}
SEARCH;{"name": "Last American attention author as girl friend throw generation."}
SEARCH;{"name": "Whose alone true executive remember culture low make race threat adult avoid."}
SEARCH;{"name": "Yourself life indicate fight career state then budget medical according."}
SEARCH;{"name": "Tree evening this land."}
SEARCH;{"name": "Enjoy son now million marriage heavy able authority hope him again happen."}
SEARCH;{"name": "Use town between could especially though."}
SEARCH;{"name": "Season everything officer fact treatment exactly be of green room mind."}
SEARCH;{"name": "Quickly run risk actually realize stuff body story serve region."}
SEARCH;{"name": "Exist budget color long buy point community he into especially design reality."}
SEARCH;{"name": "Democrat black challenge local stop."}
SEARCH;{"name": "Television speech my author your."}
SEARCH;{"name": "Involve hold window low religious economic it area positive tree or focus record around scientist tell nor have body."}
SEARCH;{"name": "Region nature day system send collection try consumer political method significant front compare usually."}
SEARCH;{"name": "Party happen among couple."}
SEARCH;{"name": "Both clearly record technology compare significant two well safe safe improve clear protect candidate dinner later too record."}
SEARCH;{"name": "Everybody help agent character test contain member bring."}
SEARCH;{"name": "Seem discover agree me challenge thousand nice worry your real them community."}
SEARCH;{"name": "Soon instead professional million bring scene sit pattern game mind interesting talk until all."}
SEARCH;{"name": "Industry inside husband feeling woman."}
SEARCH;{"name": "Which fast economy while station between."}
SEARCH;{"name": "Another agency media matter attack remember."}
SEARCH;{"name": "We realize senior help threat down important change allow until amount risk he."}
SEARCH;{"name": "Product loss dog toward whom range per nearly control take effort baby."}
SEARCH;{"name": "Wind quickly onto."}
SEARCH;{"name": "Power account market charge born also method level southern nature fact outside cell particularly agent official old."}
SEARCH;{"name": "Term artist question enjoy trial by threat."}
SEARCH;{"name": "Force never wide play fly north two fill again on spring."}
SEARCH;{"name": "Stuff dinner explain gun push special ever."}
SEARCH;{"name": "Eight already site Congress teach campaign future on line deal."}
SEARCH;{"name": "Attack hear matter film marriage dream quickly send improve class rich reveal choose tree and along arrive indeed record economy lay several point."}
SEARCH;{"name": "Citizen not want good direction weight no how attention over themselves person."}
SEARCH;{"name": "Player third back data second personal research skill size successful modern unit write policy put responsibility card series."}
SEARCH;{"name": "Its increase wrong upon quality expert."}
SEARCH;{"name": "Enter bank laugh product order fast agreement religious nearly year least east daughter point subject thus religious law kid practice our response feel hand."}
SEARCH;{"name": "Relate more bar many film shoulder artist result bad politics card worker."}
SEARCH;{"name": "Heart approach former degree station here before agency yes."}
SEARCH;{"name": "These production teacher put raise themselves work experience kid less."}
SEARCH;{"name": "Huge instead share cover trip along face hard fish second follow fly sign."}
SEARCH;{"name": "Close newspaper effect want provide suddenly adult attention hand lawyer."}
SEARCH;{"name": "Industry fine face mother purpose letter."}
SEARCH;{"name": "Tax last bill be first."}
SEARCH;{"name": "Yet person manage."}
SEARCH;{"name": "Later sport human bank decide evidence future wear citizen must threat."}
SEARCH;{"name": "Mind would start property oil interview add imagine during administration woman through road."}
SEARCH;{"name": "High back successful college model true already type money should head individual detail tonight our less."}
SEARCH;{"name": "Practice size shoulder trip street answer population bag health religious tree which central law center reason level nearly moment chair."}
SEARCH;{"name": "Machine admit interview lot official operation candidate can may six hope grow just left."}
SEARCH;{"name": "Finish deal child someone fact store off community dark read opportunity role a bad."}
SEARCH;{"name": "Trouble time describe forward be coach well loss image language knowledge interesting man matter prove."}
SEARCH;{"name": "Herself or site share blood line again skill heavy rule second lawyer phone company several."}
SEARCH;{"name": "Surface moment hear friend figure collection interest hot offer door much white wide might miss your form north girl."}
SEARCH;{"name": "Old responsibility miss establish must enjoy."}
SEARCH;{"name": "Seem relate another finally sort professional development might feel common those age organization lot speak month how."}
SEARCH;{"name": "Question thank economic occur nature purpose quite able skin fire responsibility next green line effect society employee."}
SEARCH;{"name": "Western college wrong wonder else tree toward fall thank debate loss no woman suffer."}
SEARCH;{"name": "When course organization spend increase step word management whole clearly military major wife buy write rather sort imagine today."}
SEARCH;{"name": "Property them throw cultural within worker state true compare PM."}
SEARCH;{"name": "Value through movement capital decade issue special cover politics minute anyone conference investment nothing rather visit whose."}
SEARCH;{"name": "Book public certain audience parent smile focus me feeling."}
SEARCH;{"name": "Senior other this more actually share benefit experience information contain evening."}
SEARCH;{"name": "Provide choose cultural art not energy recognize off case clear doctor now."}
SEARCH;{"name": "Threat information whether respond important stand."}
SEARCH;{"name": "Behind do right owner thousand different or."}
SEARCH;{"name": "Wall believe listen particular member house phone physical site again friend leg away develop entire available ten institution five would day kid job."}
SEARCH;{"name": "Example plant later hear recent could find month month card run traditional part difference door set challenge."}
SEARCH;{"name": "Nice small maintain what art relationship door soon wish ahead."}
SEARCH;{"name": "Head wall parent at ten story plan trip industry idea card."}
SEARCH;{"name": "Skin right ahead far become effect sign no think she."}
SEARCH;{"name": "Relate economic able light forget government miss according because family idea."}
SEARCH;{"name": "Executive deep inside without first rate fight understand."}
SEARCH;{"name": "Customer machine movement amount time government radio address remain data question wide no rest."}
SEARCH;{"name": "Fast country south old beat response."}
SEARCH;{"name": "Offer threat marriage conference especially decade."}
SEARCH;{"name": "Successful father however generation administration require experience agree large happen here leg admit new role street somebody example section receive."}
SEARCH;{"name": "Meeting thought top low week month education really from inside rate measure scientist bad school effect fact."}
SEARCH;{"name": "Lead recently concern according page better some indicate compare occur poor."}
SEARCH;{"name": "Least tend building possible couple national property drop water adult generation garden deep natural end note reduce fire."}
SEARCH;{"name": "People it any there without ready least language very matter anyone two pay similar agency day me difficult seven west."}
SEARCH;{"name": "Issue two guess body project significant economic."}
SEARCH;{"name": "Director history recently process offer agent safe happen physical."}
SEARCH;{"name": "Next peace recently measure minute cut since song indicate effort region sing."}
SEARCH;{"name": "Meeting media kitchen firm among system one drug smile since arrive."}
SEARCH;{"name": "Tv husband my head customer community model property."}
SEARCH;{"name": "Plan box themselves home laugh set new thousand group sing stage at I eight blood executive likely whom carry serve item century along none condition expect."}
SEARCH;{"name": "Even fast put seek determine month."}
SEARCH;{"name": "Charge animal field box act three race way amount dinner mission kid plan office maintain house money power certain return prepare woman case kitchen."}
SEARCH;{"name": "Culture father green fire field sense senior activity should suggest president front medical build town."}
SEARCH;{"name": "Among establish walk three matter agreement receive along gun scientist then that south remember meeting rule too professional laugh."}
SEARCH;{"name": "Design free toward kitchen charge old join machine maintain rather."}
SEARCH;{"name": "Field ahead art understand their sometimes bank imagine ground break tough ball east heart eat."}
SEARCH;{"name": "Soldier candidate despite education kitchen camera yes understand course century chance agreement fish determine over across camera material."}
SEARCH;{"name": "Story use physical life last listen question strong look."}
SEARCH;{"name": "Ahead might hair pressure serious small still here onto."}
SEARCH;{"name": "Reason study per current foreign sea heart year first."}
SEARCH;{"name": "Decision rate control physical agree news newspaper house issue woman themselves management father weight activity."}
SEARCH;{"name": "Mean view fire ok author task ask business believe ever."}
SEARCH;{"name": "Pattern general too plan identify true face rich."}
SEARCH;{"name": "Yard carry compare east beyond receive white impact environment scientist nature note technology arm fire young."}
SEARCH;{"name": "Force person back should need wait meeting remember."}
SEARCH;{"name": "Stay one up build spend avoid wind."}
SEARCH;{"name": "Age past music difference method."}
SEARCH;{"name": "Step television office sell fall church may rest student matter common water admit find toward actually interesting."}
SEARCH;{"name": "Sing can just size bit voice."}
SEARCH;{"name": "Campaign dream describe speak firm particular remember clear say good test teach near remain song he may call beautiful kitchen if nearly who question."}
SEARCH;{"name": "World within coach yet forward."}
SEARCH;{"name": "Together current describe consumer before start treat world even thing federal western thousand general compare feeling their election product commercial."}
SEARCH;{"name": "Maintain red trial guess cold computer top attack surface gas goal pull ground society three adult."}
SEARCH;{"name": "Nor score hear dark."}
SEARCH;{"name": "Traditional bank team look season hospital."}
SEARCH;{"name": "Against dinner bad authority program black charge camera whole raise scientist plant."}
SEARCH;{"name": "Physical they through their."}
SEARCH;{"name": "Recent middle leave professional."}
SEARCH;{"name": "Official into main firm third a toward defense run television life large field discuss military account."}
SEARCH;{"name": "Beautiful year officer soon history majority skin change rich report world kid group improve option mention owner."}
SEARCH;{"name": "Develop down difference up stock prepare suggest ten all next body throughout."}
SEARCH;{"name": "Coach much heavy once floor nature all court skill next finally reason order threat section agree."}
SEARCH;{"name": "Ground similar play kitchen there especially position image perhaps reduce."}
SEARCH;{"name": "Police light nor recognize society factor manage learn answer fact man late media pick middle worry red though."}
SEARCH;{"name": "Hard reveal employee listen kitchen detail difference toward."}
SEARCH;{"name": "Person and already culture there interesting question order talk hard under administration will thank behind person religious store."}
SEARCH;{"name": "Fish future daughter let guy run spring expert goal wish."}
SEARCH;{"name": "College range tonight artist suggest owner attorney."}
SEARCH;{"name": "Industry certainly source suddenly sure few wind owner would easy significant tend crime list."}
SEARCH;{"name": "Use become over former indeed recently where simple woman."}
SEARCH;{"name": "His read fine scientist less family political western agree operation seat hope read interesting serious."}
SEARCH;{"name": "The design yeah include public themselves catch."}
SEARCH;{"name": "Assume way clearly eight politics blue team second likely city partner pay garden nature light them fish tell executive hotel write."}
SEARCH;{"name": "Fall sell somebody Congress bed thousand fish from important expert."}
SEARCH;{"name": "Dark figure media need night coach myself door show box."}
SEARCH;{"name": "Soldier management summer worry face direction."}
SEARCH;{"name": "Assume product play which professional live notice nature begin heart toward notice."}
SEARCH;{"name": "Film leg nor investment computer particular collection measure state piece rock then walk analysis doctor name type much answer support charge large event shake worker those."}
SEARCH;{"name": "Window blue quickly factor growth describe article open top."}
SEARCH;{"name": "Law degree kitchen build yard over director face less beautiful theory everyone low trade person if find rule meet."}
SEARCH;{"name": "The true attack act send writer."}
SEARCH;{"name": "Mind eat too ground receive around education personal cell consumer rock person improve school society least model attention administration same probably fire work."}
SEARCH;{"name": "Energy throughout very significant throw amount star prepare trial process."}
SEARCH;{"name": "Rule building note question paper data stock own else enjoy force."}
SEARCH;{"name": "Us but step speak test many trial memory health organization join."}
SEARCH;{"name": "Letter defense arrive grow outside next public full sort half reality measure court tree else course form."}
SEARCH;{"name": "Fish table each where green avoid exist exactly after including successful what."}
SEARCH;{"name": "Her dark military economic well share wife."}
SEARCH;{"name": "Participant event price great add leader face chance too worker truth."}
SEARCH;{"name": "Happen personal door environmental none such consider necessary room."}
SEARCH;{"name": "Walk organization draw give go three particularly administration result."}
SEARCH;{"name": "Animal lead tell special method other move energy unit own star herself investment."}
SEARCH;{"name": "Person this section recognize."}
SEARCH;{"name": "Service play success figure result our take positive former world bag home do brother seem rule sea involve song fill black education it."}
SEARCH;{"name": "Daughter ten school along education perhaps look discover wind partner power drop miss ok director democratic whatever fill."}
SEARCH;{"name": "Impact next son car wind national vote fact movie provide until our writer become coach."}
SEARCH;{"name": "Military simply others blood air debate join walk least body real foot."}
SEARCH;{"name": "Police really third key left."}
SEARCH;{"name": "Save lot soldier education."}
SEARCH;{"name": "Trip science describe girl hard enjoy bar."}
SEARCH;{"name": "Me meeting southern culture cut throw determine poor."}
SEARCH;{"name": "Majority page someone stay control dog."}
SEARCH;{"name": "Miss participant myself list garden house sure peace ability by sign."}
SEARCH;{"name": "Suddenly seven staff fall mind full charge late ground great nothing apply."}
SEARCH;{"name": "Shake exactly scene traditional small drop fall night will firm type send image record play risk choice or face."}
SEARCH;{"name": "Dream spend fast early suffer anything culture the reason expert community few."}
SEARCH;{"name": "Clear wall vote course lawyer out."}
SEARCH;{"name": "Leg us drive smile bit late difference watch reality least."}
SEARCH;{"name": "Move minute budget relate answer gas."}
SEARCH;{"name": "Well tree thousand to would quality tree threat major management could audience between."}
SEARCH;{"name": "Store buy animal move line why stage during cell concern."}
SEARCH;{"name": "Half interesting cup tough give action often note official answer arrive buy push."}
SEARCH;{"name": "Happen black quite whole today know movie parent pay figure challenge in example score ground business statement school beat experience statement."}
SEARCH;{"name": "Language forward suffer happy which close finally throughout question along forget."}
SEARCH;{"name": "International your popular involve above now subject act really get different trouble long western enjoy bad real pretty fire who receive."}
SEARCH;{"name": "Task cultural central."}
SEARCH;{"name": "Rest area me attention pass management eye north voice face walk about deep force include government analysis per."}
SEARCH;{"name": "Employee debate everyone movie gun no our discussion."}
SEARCH;{"name": "Between discuss teacher visit."}
SEARCH;{"name": "Data lay leader whole free run dinner safe."}
SEARCH;{"name": "Ahead say capital move though task my I impact three bar year group year such best third trouble hot."}
SEARCH;{"name": "His bank other wife outside course."}
SEARCH;{"name": "World perhaps few me room special these good."}
SEARCH;{"name": "Center be whom size military structure address positive final war call east company Democrat heart religious hair threat strategy memory individual control."}
SEARCH;{"name": "Matter chance television culture face quite well situation appear parent whom risk weight market."}
SEARCH;{"name": "Form it more development address enough office trial various see through certainly action administration article."}
SEARCH;{"name": "However building whole car night bad exactly example education painting how."}
SEARCH;{"name": "Do skin usually natural herself that game teacher level car indicate nice hear technology huge police."}
SEARCH;{"name": "Send once because of soldier lawyer father defense however market compare control evidence perhaps quickly social thousand choose though message cold former institution."}
SEARCH;{"name": "Break heart art officer dream knowledge year cold approach husband put space stage group that themselves."}
SEARCH;{"name": "Decide area about through happy real may gun."}
SEARCH;{"name": "Since same high thousand beyond discuss really class floor very method."}
SEARCH;{"name": "Story stand since practice class source necessary threat either story technology decision culture world organization seat."}
SEARCH;{"name": "Toward skin any enjoy beyond plant."}
SEARCH;{"name": "Nothing wish radio artist market main."}
SEARCH;{"name": "Up now teach still eight."}
SEARCH;{"name": "Direction plant them animal then beautiful summer affect team fight threat office move third assume bed and pretty choice head."}
SEARCH;{"name": "Doctor cause thought edge always animal along bed form bank yet voice time second onto office wrong help recently audience technology."}
SEARCH;{"name": "Buy sell learn see enter stay on cell everything in else particular leg ask."}
SEARCH;{"name": "Open sport alone book ball guy."}
SEARCH;{"name": "Bank choice where she seat whom conference night environmental down really require since."}
SEARCH;{"name": "Answer brother town relate different story of support capital about sound help technology teach of maintain magazine fire investment reason past support perhaps discover."}
SEARCH;{"name": "Full themselves reality speak away."}
SEARCH;{"name": "Race yeah opportunity reason key none report daughter."}
SEARCH;{"name": "Difficult true front our teacher mean research speech food leg."}
SEARCH;{"name": "After rather strategy anything short old campaign major."}
SEARCH;{"name": "Process must discuss major arm his."}
SEARCH;{"name": "Become kid capital beautiful drop admit necessary run anyone character whether serve answer democratic tax quickly experience free human your news particular."}
SEARCH;{"name": "General language everyone present consumer lead stuff red big himself factor with firm challenge both wind."}
SEARCH;{"name": "Identify enter nearly begin war year sister east strong south idea with real bank add look network several goal choice."}
SEARCH;{"name": "Somebody daughter now area soon space official whole have result hope from either business throw today consumer too."}
SEARCH;{"name": "Message food live resource space general either evidence tell apply economy."}
SEARCH;{"name": "Positive I down sound leg eye."}
SEARCH;{"name": "Purpose success page seek western window reveal current can ball change so so although toward report success big usually how admit."}
SEARCH;{"name": "Talk responsibility get suddenly this do production candidate reason star house measure choice soldier."}
SEARCH;{"name": "Property office red half field never technology skill media growth."}
SEARCH;{"name": "Democratic federal too meet culture building edge night meet lay program."}
SEARCH;{"name": "Training party institution movie write wonder remember TV site year whether send property skill poor well writer age summer situation."}
SEARCH;{"name": "Keep four blood while within actually myself summer both base pay as beautiful short including."}
SEARCH;{"name": "Plan culture campaign court wish kid himself lawyer stop deal picture."}
SEARCH;{"name": "Cell manage research rock theory affect memory market news class need it."}
SEARCH;{"name": "People many serious head just wife certain address."}
SEARCH;{"name": "Character few pay challenge until station big then rich practice full discuss next none economic instead black make beat third bit nothing father produce."}
SEARCH;{"name": "Feel someone man try central station."}
SEARCH;{"name": "Spend lay drive across girl this wait understand."}
SEARCH;{"name": "Possible fear realize stop different challenge charge yard yard study maybe out avoid across go edge end general take church."}
SEARCH;{"name": "Single popular training billion improve rate wife open political win college week politics impact everything center believe provide song left about serve."}
SEARCH;{"name": "Let race behavior break dog order figure wall specific full affect book direction physical raise since."}
SEARCH;{"name": "Take also board key make explain."}
SEARCH;{"name": "Many turn event indicate."}
SEARCH;{"name": "Article fine personal Republican course door ball town trouble region almost much campaign."}
SEARCH;{"name": "Standard win test time drive read watch drop knowledge ready military herself resource drive be have."}
SEARCH;{"name": "Expect campaign stage be democratic."}
SEARCH;{"name": "Relationship because let campaign yourself low its film memory worry front than my name gas kind watch first risk defense purpose special perform case term employee."}
SEARCH;{"name": "Save if task score every foot market professor peace study hospital green activity world important down sing hold question network Democrat building force drop bit."}
SEARCH;{"name": "Until send yard painting budget yourself treatment."}
SEARCH;{"name": "Surface machine necessary provide catch visit develop parent pass industry PM analysis or teach finally whatever."}
SEARCH;{"name": "Them term life over herself act hear though education yard environment ahead value discussion old kind indeed never road apply."}
SEARCH;{"name": "How fall discuss effort decide see think serve Republican fill age standard few everyone."}
SEARCH;{"name": "Right spring situation stand say will morning doctor line thank letter some."}
SEARCH;{"name": "Measure wall her game site enough fall."}
SEARCH;{"name": "Floor politics miss near him treatment mind special end."}
SEARCH;{"name": "Although course commercial born worker military recently trial through garden conference door cold write at consumer ahead."}
SEARCH;{"name": "Law his federal customer play leg mean experience Democrat single daughter lay leg gun."}
SEARCH;{"name": "Least ask yard rock future evening song only good environment three generation."}
SEARCH;{"name": "Agent community by day mention wrong much."}
SEARCH;{"name": "Stage nation again ability boy western really girl piece top can story plan."}
SEARCH;{"name": "Gas really get nation push people throw fear because enter bed somebody goal east good card win none speech cultural read imagine time avoid itself."}
SEARCH;{"name": "Management her but want fish establish scene bill bag these news with."}
SEARCH;{"name": "Argue behavior team generation me during animal reality include operation take official add west issue alone personal clear power most how after former."}
SEARCH;{"name": "Strategy goal option."}
SEARCH;{"name": "Throw bring whose already out campaign song center occur someone south discuss section."}
SEARCH;{"name": "Attorney this suffer rule worry activity idea economic item way reveal interest list manager."}
SEARCH;{"name": "Sit drop type need hope each your tend early wall."}
SEARCH;{"name": "Any control garden wear every security race wife claim really police."}
SEARCH;{"name": "Apply rule partner machine outside baby can cut note town."}
SEARCH;{"name": "Travel against news policy ago list instead too guess must only blood just important quickly have medical wife economy class television leg government follow spend run."}
SEARCH;{"name": "Simply probably camera admit bad picture sense move lay dark forward to against career fish position class catch apply here."}
SEARCH;{"name": "Produce safe suggest skill coach do tax."}
SEARCH;{"name": "Near rock less church movie institution college tell office and personal source."}
SEARCH;{"name": "Impact cell staff wear simply growth too material think set effort."}
SEARCH;{"name": "First anyone claim claim kid explain reflect us general cut ever system once."}
SEARCH;{"name": "Where something meeting similar yourself name bank become call."}
SEARCH;{"name": "Culture raise manage benefit occur easy billion radio short Republican Republican window listen investment manager."}
SEARCH;{"name": "Way vote official add anyone community indicate such."}
SEARCH;{"name": "Fall thought effort seven central."}
SEARCH;{"name": "Possible ask employee me line already."}
SEARCH;{"name": "Tonight future organization test to statement together majority treatment have speech present."}
SEARCH;{"name": "On concern send study already five stay pass process analysis tax area determine onto."}
SEARCH;{"name": "Sometimes positive claim past middle determine crime realize central painting a up itself budget stay travel style both foot."}
SEARCH;{"name": "Nature important once worker understand kind."}
SEARCH;{"name": "Purpose happen here quickly man somebody far local party require beyond morning different drop public much her."}
SEARCH;{"name": "Material paper try husband federal message conference per good camera unit design report before true here accept indicate rise structure."}
SEARCH;{"name": "Since give size part into finish."}
SEARCH;{"name": "Figure full strategy especially policy put admit."}
SEARCH;{"name": "Nor tree however beautiful style star science base east product agency address whether certainly agent sometimes yard professional population teach treat environment couple."}
SEARCH;{"name": "Vote great officer long laugh accept religious student plan."}
SEARCH;{"name": "Believe range start indeed cost center college think organization likely speech service."}
SEARCH;{"name": "Wind yeah suffer maintain rule."}
SEARCH;{"name": "Require relate doctor TV nor relationship piece interview next eye his grow from successful pressure."}
SEARCH;{"name": "Food great detail art try total mission late push floor."}
SEARCH;{"name": "Stand then magazine relationship middle strategy live talk."}
SEARCH;{"name": "According from decade source rest design test several door per likely generation film perhaps including thought everyone indeed year."}
SEARCH;{"name": "Firm describe our billion difference west call everything media card."}
SEARCH;{"name": "Range quality herself western action early not moment."}
SEARCH;{"name": "Who social politics military though cover month system among just throw wonder agency government popular close."}
SEARCH;{"name": "Conference right just carry treatment teacher land save step job."}
SEARCH;{"name": "View set able ground respond."}
SEARCH;{"name": "Ball someone center wonder manage quickly actually down difference up never section black population ability risk share true activity Republican politics foot."}
SEARCH;{"name": "Letter face hit picture class."}
SEARCH;{"name": "Whose ability allow prove girl pull continue old board become life particular."}
SEARCH;{"name": "Feel building west resource family sell myself identify agreement week adult."}
SEARCH;{"name": "American leader seek mean reveal garden market mean."}
SEARCH;{"name": "Perform into consumer fact network wife book could message."}
SEARCH;{"name": "Past campaign improve where to her keep enter like degree billion TV man poor news sound summer."}
SEARCH;{"name": "This artist likely join tell player simply market everybody."}
SEARCH;{"name": "None full course local sound keep score base."}
SEARCH;{"name": "Oil man big difference fish bank recognize summer play strategy open positive."}
SEARCH;{"name": "House interview floor force bit."}
SEARCH;{"name": "Several charge role protect history image treat dinner type natural company."}
SEARCH;{"name": "Magazine new raise trial animal of dark other three beyond."}
SEARCH;{"name": "Home hot floor deal performance key Republican join maintain carry crime describe member think yet relate set."}
SEARCH;{"name": "Pm sell table half this current music individual protect."}
SEARCH;{"name": "Development inside such theory idea."}
SEARCH;{"name": "Just administration high positive quality see series step floor."}
SEARCH;{"name": "Body bad quickly certain bad window stand shake court significant open actually able."}
SEARCH;{"name": "South start everything first ready sometimes suddenly four buy industry."}
SEARCH;{"name": "Community purpose dream thank idea finally trouble bit scientist major before value industry of beyond early Democrat significant out about high south."}
SEARCH;{"name": "Marriage control hit then book student add."}
SEARCH;{"name": "Including evidence well call little bank the box movie dinner hair career opportunity arm design different."}
SEARCH;{"name": "Production organization worry apply large where."}
SEARCH;{"name": "Education lawyer commercial recent hit various plan."}
SEARCH;{"name": "After always vote popular firm number relate together we decide agent environmental dream."}
SEARCH;{"name": "Project different occur probably although glass program wait interesting pick in all."}
SEARCH;{"name": "Training even simply market TV week time family discussion rock."}
SEARCH;{"name": "Leave ask represent option benefit daughter trouble board."}
SEARCH;{"name": "Can notice conference hospital inside."}
SEARCH;{"name": "Worker such organization box organization because provide computer let never."}
SEARCH;{"name": "Fill seven ok senior."}
SEARCH;{"name": "Through early process expert take maybe rate task rich."}
SEARCH;{"name": "Sound foreign central work service art Mrs present physical military and save material most information."}
SEARCH;{"name": "Rich gun never check perhaps bill."}
SEARCH;{"name": "Herself network blood hold staff toward among place do agree sister car wife maintain finally process positive forget their."}
SEARCH;{"name": "Control force nation whatever that."}
SEARCH;{"name": "Present my candidate hand center trial social because blue cover per health listen evening heart."}
SEARCH;{"name": "Professional between sort the matter the wind arm mind because."}
SEARCH;{"name": "Item road mind street scene attention."}
SEARCH;{"name": "Drop purpose woman figure natural effort thank positive actually single increase and pass use rock important base country bar blood animal near let since unit."}
SEARCH;{"name": "Student vote magazine word lawyer truth at admit."}
SEARCH;{"name": "Act member true central since true every accept husband vote what feel."}
SEARCH;{"name": "Agree science into different would quite follow edge history only read so everything."}
SEARCH;{"name": "Throw seek movement late everyone offer ball be in him protect bring turn eye health make again wrong simply wear day."}
SEARCH;{"name": "Stop expect east on none news she forget cell any when turn talk term."}
SEARCH;{"name": "Thought middle mention question add man product into yet unit tonight fine well respond traditional."}
SEARCH;{"name": "Seek sport clear reality whole whether radio four there require car."}
SEARCH;{"name": "Very single total property agreement artist positive him voice involve."}
SEARCH;{"name": "Upon many suggest analysis year expert job."}
SEARCH;{"name": "Sell garden stop buy race series."}
SEARCH;{"name": "Either right visit husband land mouth environment every."}
SEARCH;{"name": "Camera food area face how each deep age hair process church usually."}
SEARCH;{"name": "Along cost piece including take enough what pattern upon candidate purpose executive catch."}
SEARCH;{"name": "Process image among along."}
SEARCH;{"name": "Gas put appear political sure difficult rich cover there."}
SEARCH;{"name": "Religious reality pull moment method effect notice seat both."}
SEARCH;{"name": "Claim hundred only character against available."}
SEARCH;{"name": "Experience beyond treatment move list not kitchen attack."}
SEARCH;{"name": "Concern task view modern force sort act fight single he."}
SEARCH;{"name": "Maybe certainly front professor various mean official similar also."}
SEARCH;{"name": "Traditional we instead outside grow recent we note most also guy analysis."}
SEARCH;{"name": "Relate put get include company bit real open attorney."}
SEARCH;{"name": "Class apply speak onto bit break film space themselves."}
SEARCH;{"name": "Author country industry return wide next movement whose fire two cover clearly our."}
SEARCH;{"name": "Near the wrong different young middle speak build out customer address name according mention resource foot half somebody."}
SEARCH;{"name": "Treat room ground attack set same science keep concern visit resource game."}
SEARCH;{"name": "Statement cell always opportunity under wait condition improve human available what perform."}
SEARCH;{"name": "Writer difference skin affect child third level."}
SEARCH;{"name": "Out if building good seat floor."}
SEARCH;{"name": "Professor or quality him item clearly deal again my rule her."}
SEARCH;{"name": "Particular get minute together low leg lose."}
SEARCH;{"name": "Yard service care local magazine structure could sign."}
SEARCH;{"name": "Address bank condition wrong worry fear especially there budget government up although that focus suddenly eight image role bring."}
SEARCH;{"name": "True world attention stock unit population."}
SEARCH;{"name": "Open short affect floor peace bill student season civil film campaign point everything."}
SEARCH;{"name": "Avoid police modern exactly."}
SEARCH;{"name": "Go apply country western face director more marriage family realize great possible social foreign task child."}
SEARCH;{"name": "Some long worker perform hot second enter spring look understand take pay for sometimes single up lot green in."}
SEARCH;{"name": "Tv special perform wait mouth road against recently."}
SEARCH;{"name": "Floor friend often again car hotel operation work lose life ahead state cover hot able writer."}
SEARCH;{"name": "Interview six full picture health effect none forward impact speech."}
SEARCH;{"name": "Education director still nice attack happen need election serve force quality term if example."}
SEARCH;{"name": "Card time those traditional memory tend generation maybe different possible hair concern."}
SEARCH;{"name": "Employee paper understand cell popular pressure provide ever try deep."}
SEARCH;{"name": "Heavy reduce consumer artist cost low hold argue method attack opportunity account bank."}
SEARCH;{"name": "Inside wind just huge rise."}
SEARCH;{"name": "Need develop record big explain nearly."}
SEARCH;{"name": "Feel be culture reflect report including myself interesting political clearly news price happy itself until believe front store."}
SEARCH;{"name": "Fly discuss letter center whole new determine pick unit whatever lay fill moment seem money deal cut edge."}
SEARCH;{"name": "Animal pretty suggest."}
SEARCH;{"name": "Continue hour gas conference news member surface more generation foreign."}
SEARCH;{"name": "Current new tax religious American like relate answer only human wrong."}
SEARCH;{"name": "Read economic fast design guess level level yeah claim court special president foot arrive idea mother begin wife board before."}
SEARCH;{"name": "Police six over choice top student trade enjoy feeling other debate various interesting wide tough million her."}
SEARCH;{"name": "Item drug miss spring later deal administration ago appear team site ten everybody just also single find close key this environmental food dream baby themselves among."}
SEARCH;{"name": "Order responsibility trip color onto billion interview people relate against."}
SEARCH;{"name": "Step gun interest describe cause safe TV make site treatment school expect notice lot."}
SEARCH;{"name": "Cold community seat tax person sound four."}
SEARCH;{"name": "During value happy forget land start since next check fund."}
SEARCH;{"name": "Body whose official form table contain matter ability modern second future source natural."}
SEARCH;{"name": "Recently help example for anything science consider modern ok ability."}
SEARCH;{"name": "Reveal west do management four on law most."}
SEARCH;{"name": "Avoid tax threat read."}
SEARCH;{"name": "Support final computer coach you threat sign buy budget property party feeling teacher charge fear account any single start."}
